apple-touch-icon.png	18410	BD7DFF08DB8C6224
assets\Builder-inOAFH4-.js	79923	8AB511536730BE35
assets\index-BMSLjQlN.css	40922	76C0E64A85603F7D
assets\index-DXdWlXHC.js	235837	8E7B82F581CB93EC
assets\InfoPage-YfWYvcNm.js	15598	3653C5D187A58C19
assets\PriceChart-BqLB-4yJ.js	4360	70DA818FDE9CC2D9
favicon.svg	657	52A24F229C146812
favicon-32.png	2008	EB22EE8DB514B667
fonts\inter-greek.woff2	18996	1BE3448E292FBF05
fonts\inter-greek-ext.woff2	11232	6E9E020A25F9B56D
fonts\inter-latin.woff2	48256	3100E775E8616CD2
fonts\inter-latin-ext.woff2	85068	34B9C504CAB7A73E
fonts\OFL.txt	4477	3B0A5FCA3D17942C
icon-512.png	42521	025B6F54079F9515
index.html	3622	E6E920EAC851B0D9
og.png	107924	56DA36F5EA71A0E6
site.webmanifest	517	B63CEFF09C9C55E8
