cat,source,count,listings,ok,lastSuccess,oldestScrapedAt,newestScrapedAt,snapshot,ageAtSnapshotH,ageNowH,oldestListingAgeNowH,over24hNow
gpu,skroutz,500,500,false,2026-10-03T05:50:36+00:00,2026-10-03T05:50:36+00:00,2026-10-03T05:50:36+00:00,2026-10-03T12:27:41+00:00,6.6,13.6,13.6,false
gpu,bestprice,535,535,true,2026-10-03T12:27:41+00:00,2026-10-03T12:27:41+00:00,2026-10-03T12:27:41+00:00,2026-10-03T12:27:41+00:00,0,7,7,false
gpu,snif,113,113,true,2026-10-03T12:27:41+00:00,2026-10-03T12:27:41+00:00,2026-10-03T12:27:41+00:00,2026-10-03T12:27:41+00:00,0,7,7,false
gpu,shopflix,441,441,true,2026-10-03T12:27:41+00:00,2026-10-03T12:27:41+00:00,2026-10-03T12:27:41+00:00,2026-10-03T12:27:41+00:00,0,7,7,false
gpu,eshop,176,176,true,2026-10-03T12:27:41+00:00,2026-10-03T12:27:41+00:00,2026-10-03T12:27:41+00:00,2026-10-03T12:27:41+00:00,0,7,7,false
cpu,skroutz,418,418,false,2026-10-03T05:52:33+00:00,2026-10-03T05:52:33+00:00,2026-10-03T05:52:33+00:00,2026-10-03T12:30:52+00:00,6.6,13.6,13.6,false
cpu,bestprice,469,469,true,2026-10-03T12:30:52+00:00,2026-10-03T12:30:52+00:00,2026-10-03T12:30:52+00:00,2026-10-03T12:30:52+00:00,0,7,7,false
cpu,snif,88,88,true,2026-10-03T12:30:52+00:00,2026-10-03T12:30:52+00:00,2026-10-03T12:30:52+00:00,2026-10-03T12:30:52+00:00,0,7,7,false
cpu,shopflix,409,409,true,2026-10-03T12:30:52+00:00,2026-10-03T12:30:52+00:00,2026-10-03T12:30:52+00:00,2026-10-03T12:30:52+00:00,0,7,7,false
cpu,eshop,103,103,true,2026-10-03T12:30:52+00:00,2026-10-03T12:30:52+00:00,2026-10-03T12:30:52+00:00,2026-10-03T12:30:52+00:00,0,7,7,false
mobo,skroutz,827,827,true,2026-10-03T11:59:12+00:00,2026-10-03T11:59:12+00:00,2026-10-03T11:59:12+00:00,2026-10-03T11:59:12+00:00,0,7.5,7.5,false
mobo,bestprice,845,845,true,2026-10-03T11:59:12+00:00,2026-10-03T11:59:12+00:00,2026-10-03T11:59:12+00:00,2026-10-03T11:59:12+00:00,0,7.5,7.5,false
mobo,snif,184,184,true,2026-10-03T11:59:12+00:00,2026-10-03T11:59:12+00:00,2026-10-03T11:59:12+00:00,2026-10-03T11:59:12+00:00,0,7.5,7.5,false
mobo,shopflix,779,779,true,2026-10-03T11:59:12+00:00,2026-10-03T11:59:12+00:00,2026-10-03T11:59:12+00:00,2026-10-03T11:59:12+00:00,0,7.5,7.5,false
mobo,eshop,373,373,true,2026-10-03T11:59:12+00:00,2026-10-03T11:59:12+00:00,2026-10-03T11:59:12+00:00,2026-10-03T11:59:12+00:00,0,7.5,7.5,false
ram,skroutz,2041,2041,false,2026-10-03T01:42:53+00:00,2026-10-03T01:42:53+00:00,2026-10-03T01:42:53+00:00,2026-10-03T11:51:32+00:00,10.1,17.8,17.8,false
ram,bestprice,1759,1759,true,2026-10-03T11:51:32+00:00,2026-10-03T11:51:32+00:00,2026-10-03T11:51:32+00:00,2026-10-03T11:51:32+00:00,0,7.6,7.6,false
ram,snif,370,370,true,2026-10-03T11:51:32+00:00,2026-10-03T11:51:32+00:00,2026-10-03T11:51:32+00:00,2026-10-03T11:51:32+00:00,0,7.6,7.6,false
ram,shopflix,1831,1831,true,2026-10-03T11:51:32+00:00,2026-10-03T11:51:32+00:00,2026-10-03T11:51:32+00:00,2026-10-03T11:51:32+00:00,0,7.6,7.6,false
ram,eshop,577,577,true,2026-10-03T11:51:32+00:00,2026-10-03T11:51:32+00:00,2026-10-03T11:51:32+00:00,2026-10-03T11:51:32+00:00,0,7.6,7.6,false
storage,skroutz,1763,1763,false,2026-10-03T05:44:39+00:00,2026-10-03T05:44:39+00:00,2026-10-03T05:44:39+00:00,2026-10-03T12:21:45+00:00,6.6,13.7,13.7,false
storage,bestprice,1352,1352,true,2026-10-03T12:21:45+00:00,2026-10-03T12:21:45+00:00,2026-10-03T12:21:45+00:00,2026-10-03T12:21:45+00:00,0,7.1,7.1,false
storage,snif,140,140,true,2026-10-03T12:21:45+00:00,2026-10-03T12:21:45+00:00,2026-10-03T12:21:45+00:00,2026-10-03T12:21:45+00:00,0,7.1,7.1,false
storage,shopflix,1235,1235,true,2026-10-03T12:21:45+00:00,2026-10-03T12:21:45+00:00,2026-10-03T12:21:45+00:00,2026-10-03T12:21:45+00:00,0,7.1,7.1,false
storage,eshop,549,549,true,2026-10-03T12:21:45+00:00,2026-10-03T12:21:45+00:00,2026-10-03T12:21:45+00:00,2026-10-03T12:21:45+00:00,0,7.1,7.1,false
psu,skroutz,1098,1098,false,2026-10-03T01:51:46+00:00,2026-10-03T01:51:46+00:00,2026-10-03T01:51:46+00:00,2026-10-03T11:42:28+00:00,9.8,17.6,17.6,false
psu,bestprice,1189,1189,true,2026-10-03T11:42:28+00:00,2026-10-03T11:42:28+00:00,2026-10-03T11:42:28+00:00,2026-10-03T11:42:28+00:00,0,7.8,7.8,false
psu,snif,241,241,true,2026-10-03T11:42:28+00:00,2026-10-03T11:42:28+00:00,2026-10-03T11:42:28+00:00,2026-10-03T11:42:28+00:00,0,7.8,7.8,false
psu,shopflix,1145,1145,true,2026-10-03T11:42:28+00:00,2026-10-03T11:42:29+00:00,2026-10-03T11:42:29+00:00,2026-10-03T11:42:28+00:00,0,7.8,7.8,false
psu,eshop,299,299,true,2026-10-03T11:42:28+00:00,2026-10-03T11:42:28+00:00,2026-10-03T11:42:28+00:00,2026-10-03T11:42:28+00:00,0,7.8,7.8,false
case,skroutz,2115,2115,true,2026-10-03T12:04:16+00:00,2026-10-03T12:04:16+00:00,2026-10-03T12:04:16+00:00,2026-10-03T12:04:16+00:00,0,7.4,7.4,false
case,bestprice,2048,2048,true,2026-10-03T12:04:16+00:00,2026-10-03T12:04:16+00:00,2026-10-03T12:04:16+00:00,2026-10-03T12:04:16+00:00,0,7.4,7.4,false
case,snif,260,260,true,2026-10-03T12:04:16+00:00,2026-10-03T12:04:16+00:00,2026-10-03T12:04:16+00:00,2026-10-03T12:04:16+00:00,0,7.4,7.4,false
case,shopflix,1938,1938,true,2026-10-03T12:04:16+00:00,2026-10-03T12:04:16+00:00,2026-10-03T12:04:16+00:00,2026-10-03T12:04:16+00:00,0,7.4,7.4,false
case,eshop,532,532,true,2026-10-03T12:04:16+00:00,2026-10-03T12:04:16+00:00,2026-10-03T12:04:16+00:00,2026-10-03T12:04:16+00:00,0,7.4,7.4,false
fan,skroutz,1143,1143,false,2026-10-03T05:22:05+00:00,2026-10-03T05:22:05+00:00,2026-10-03T05:22:05+00:00,2026-10-03T12:10:58+00:00,6.8,14.1,14.1,false
fan,bestprice,1353,1353,true,2026-10-03T12:10:58+00:00,2026-10-03T12:10:58+00:00,2026-10-03T12:10:58+00:00,2026-10-03T12:10:58+00:00,0,7.3,7.3,false
fan,snif,168,168,true,2026-10-03T12:10:58+00:00,2026-10-03T12:10:58+00:00,2026-10-03T12:10:58+00:00,2026-10-03T12:10:58+00:00,0,7.3,7.3,false
fan,shopflix,980,980,true,2026-10-03T12:10:58+00:00,2026-10-03T12:10:58+00:00,2026-10-03T12:10:58+00:00,2026-10-03T12:10:58+00:00,0,7.3,7.3,false
fan,eshop,368,368,true,2026-10-03T12:10:58+00:00,2026-10-03T12:10:58+00:00,2026-10-03T12:10:58+00:00,2026-10-03T12:10:58+00:00,0,7.3,7.3,false
cooler,skroutz,1343,1343,false,2026-10-03T05:39:34+00:00,2026-10-03T05:39:34+00:00,2026-10-03T05:39:34+00:00,2026-10-03T12:16:31+00:00,6.6,13.8,13.8,false
cooler,bestprice,1224,1224,true,2026-10-03T12:16:31+00:00,2026-10-03T12:16:31+00:00,2026-10-03T12:16:31+00:00,2026-10-03T12:16:31+00:00,0,7.2,7.2,false
cooler,snif,185,185,true,2026-10-03T12:16:31+00:00,2026-10-03T12:16:31+00:00,2026-10-03T12:16:31+00:00,2026-10-03T12:16:31+00:00,0,7.2,7.2,false
cooler,shopflix,1002,1002,true,2026-10-03T12:16:31+00:00,2026-10-03T12:16:31+00:00,2026-10-03T12:16:31+00:00,2026-10-03T12:16:31+00:00,0,7.2,7.2,false
cooler,eshop,304,304,true,2026-10-03T12:16:31+00:00,2026-10-03T12:16:31+00:00,2026-10-03T12:16:31+00:00,2026-10-03T12:16:31+00:00,0,7.2,7.2,false
